persona_id,country,sex,age_group,education,mean_w1_norm,max_w1_norm,mean_ci_lower,max_ci_lower,worst_model,worst_model_w1
CHN_Male_65+_Medium,CHN,Male,65+,Medium,0.3212169313703704,0.637248677,0.25067019400352736,0.5525925925925926,qwen,0.5525925925925926
CHN_Male_65+_Lower,CHN,Male,65+,Lower,0.28247115996296296,0.5829143898888889,0.24866029143897997,0.5437295081967213,qwen,0.5437295081967213
CHN_Male_65+_Higher,CHN,Male,65+,Higher,0.2750617282592593,0.6111111112222223,0.20691358024691356,0.537037037037037,qwen,0.537037037037037
CHN_Male_50-64_Lower,CHN,Male,50-64,Lower,0.29945465181481484,0.5306211725555555,0.27422134733158354,0.5052384076990376,qwen,0.5052384076990376
CHN_Male_30-49_Medium,CHN,Male,30-49,Medium,0.27801742892592596,0.526143791,0.2442415577342048,0.4909926470588235,qwen,0.4909926470588235
