test,raw_p,bonferroni_p,significant
rq2_bielik,6.051177500515571e-4,0.0024204710002062283,TRUE
rq2_qwen,0.023529984865375424,0.0941199394615017,FALSE
rq3_bielik,0.08116894640015006,0.32467578560060023,FALSE
rq3_qwen,0.21863513140305424,0.874540525612217,FALSE
